train,train_predict,test,test_predict
158.5,[155.34198],152.7,[155.87053]
183.6,[180.73389],159.5,[159.42857]
182.9,[176.44574],161.1,[157.73868]
186.6,[182.18373],168.0,[169.48416]
160.7,[156.58401],204.3,[202.40686]
176.7,[172.01675],173.3,[175.66805]
185.1,[180.38213],183.3,[183.64777]
161.1,[160.90417],183.8,[185.72166]
191.4,[186.58943],189.1,[195.83969]
173.7,[172.62337],168.8,[170.73347]
151.6,[152.23587],193.2,[193.98615]
202.2,[193.87505],171.8,[171.1283]
165.9,[161.92859],161.4,[157.90886]
182.4,[180.93347],199.4,[208.78047]
166.5,[173.85785],157.8,[162.09227]
171.1,[159.71756],158.2,[164.88661]
173.3,[165.12178],169.2,[166.54695]
154.3,[153.9689],162.4,[171.67365]
206.0,[216.73506],182.4,[185.27306]
157.1,[166.80046],184.0,[169.34529]
180.1,[173.27838],206.1,[205.833]
210.3,[216.17575],185.5,[181.18721]
160.9,[160.28433],183.8,[177.38776]
182.1,[175.05203],163.7,[169.07675]
174.5,[181.28523],167.5,[172.74376]
158.2,[153.45349],179.1,[172.04071]
155.2,[161.91957],204.8,[207.02963]
155.0,[157.81981],217.1,[221.7424]
210.7,[212.70842],199.0,[195.11359]
159.3,[160.40762],159.0,[155.31032]
177.0,[172.21237],173.0,[176.57648]
159.9,[162.52147],172.1,[167.40475]
167.2,[161.9801],194.9,[182.59677]
207.3,[210.55049],178.3,[177.90207]
171.8,[173.38258],186.7,[176.61198]
176.0,[176.50467],154.0,[155.20567]
216.0,[222.95834],169.2,[163.22588]
168.9,[178.49875],186.1,[194.45923]
164.5,[160.51134],189.4,[184.28156]
167.5,[165.77116],183.4,[183.33891]
159.7,[162.83871],204.6,[199.62267]
170.7,[165.85922],170.1,[169.79169]
220.2,[212.08391],143.5,[150.47252]
160.7,[168.12721],158.9,[169.75827]
184.8,[174.7958],203.8,[205.18892]
148.1,[149.63286],189.7,[179.35477]
171.1,[169.8235],186.1,[191.10262]
161.1,[169.58636],172.3,[175.6044]
174.8,[167.51828],185.0,[175.07457]
211.8,[206.09465],186.8,[189.02599]
184.2,[178.10278],167.1,[175.0211]
152.0,[123.81005],176.9,[171.3595]
168.8,[164.59488],186.2,[188.52412]
158.7,[174.87303],185.2,[183.5992]
158.8,[159.54936],168.9,[171.9515]
165.4,[156.94363],167.4,[159.59555]
179.4,[179.44366],164.8,[159.61263]
192.2,[197.2789],153.1,[153.0662]
166.9,[167.59283],153.6,[148.83336]
159.3,[167.72078],171.1,[175.12994]
166.8,[168.47502],174.9,[173.8171]
167.3,[166.36288],162.0,[161.3479]
180.2,[185.4846],172.3,[177.76335]
202.4,[208.42068],210.1,[210.63765]
167.8,[168.61546],190.7,[189.87476]
188.6,[183.95386],166.0,[162.77388]
198.9,[204.1067],152.9,[160.43816]
160.1,[147.68498],175.8,[174.70595]
185.7,[178.45049],203.4,[175.3363]
174.3,[175.07141],151.6,[154.05025]
182.4,[178.34767],191.4,[188.40263]
207.4,[206.898],175.8,[176.9549]
167.7,[161.46994],161.8,[159.15063]
176.2,[167.41145],158.5,[152.94171]
215.7,[209.9232],194.6,[186.744]
186.6,[179.5544],181.9,[171.6363]
161.3,[160.21555],200.0,[190.4964]
173.0,[167.94078],163.1,[161.8275]
147.1,[149.13533],174.5,[177.01987]
183.8,[178.36165],187.1,[176.92963]
215.9,[214.48154],164.5,[161.79582]
179.3,[173.97784],196.9,[200.11131]
195.5,[195.3237],171.0,[166.40468]
216.2,[210.87378],177.4,[181.26082]
167.1,[172.42213],166.9,[168.93147]
199.1,[192.58266],163.3,[156.01245]
209.9,[209.58946],159.9,[154.89961]
180.9,[179.78871],166.4,[168.64755]
172.3,[172.41621],174.2,[172.33316]
174.9,[173.78706],200.4,[198.01218]
202.2,[201.83081],181.7,[178.92166]
166.7,[170.10605],158.2,[155.09097]
191.1,[184.80055],186.9,[188.87451]
207.4,[204.83342],171.1,[172.81938]
214.4,[205.33667],199.4,[200.12282]
170.9,[169.73077],167.8,[166.31557]
156.4,[159.02274],206.1,[196.68289]
199.7,[196.72943],163.5,[159.76427]
152.9,[151.46158],195.8,[194.75677]
198.7,[199.06848],176.5,[167.49141]
173.5,[168.66046],171.4,[171.47644]
179.8,[174.54732],167.6,[170.89139]
158.9,[160.36064],158.6,[157.90646]
195.9,[189.80399],169.9,[169.08408]
212.3,[211.99255],163.5,[166.35808]
190.0,[177.09227],165.9,[159.65823]
190.9,[193.67705],187.2,[186.28181]
171.5,[173.58002],203.0,[202.70058]
198.7,[201.64005],206.9,[200.88928]
192.0,[195.42012],208.3,[204.99184]
175.9,[171.28816],217.2,[213.78568]
199.4,[202.5226],186.1,[181.26794]
171.6,[173.1729],162.0,[162.7332]
170.3,[170.91887],173.9,[175.08331]
161.6,[164.56622],186.1,[180.79552]
173.6,[176.13484],175.0,[168.95428]
159.5,[159.66539],143.8,[153.38289]
158.8,[166.32382],173.5,[173.91692]
177.2,[168.559],177.5,[172.23451]
189.7,[189.76038],162.1,[163.9512]
169.3,[161.66374],167.8,[167.97641]
160.5,[153.19565],184.7,[180.22519]
180.3,[175.10965],172.4,[172.20842]
154.8,[154.36143],175.2,[169.13777]
169.0,[163.46213],168.6,[165.56189]
203.8,[203.87535],161.0,[158.06961]
193.3,[200.34425],171.9,[174.03809]
160.7,[162.7167],180.0,[177.56169]
166.2,[163.74393],181.0,[177.87926]
176.3,[173.80754],147.9,[160.20132]
219.8,[219.10991],165.9,[161.42256]
174.3,[175.7914],175.0,[183.11005]
186.4,[179.34612],221.9,[223.29036]
183.6,[183.7803],171.7,[166.8605]
190.0,[186.69293],196.6,[194.91576]
180.2,[178.43756],154.9,[166.94531]
176.5,[171.8089],176.1,[181.31139]
150.2,[154.04665],169.9,[173.164]
151.8,[153.80373],169.0,[159.31772]
165.7,[173.31653],158.8,[160.68416]
157.1,[172.4403],175.3,[177.62717]
179.0,[176.4924],172.2,[182.3963]
162.2,[162.48262],154.8,[156.41881]
152.7,[155.70352],177.0,[172.67514]
197.8,[202.54016],170.4,[165.13321]
191.4,[183.75183],187.9,[191.26932]
158.7,[155.80421],172.9,[170.71497]
167.1,[164.20128],169.6,[170.56247]
183.6,[183.90067],180.9,[181.91145]
168.9,[164.39423],169.3,[168.73436]
158.2,[133.04865],203.7,[207.4733]
182.5,[179.91544],180.5,[179.69547]
177.2,[183.29524],179.4,[172.64319]
229.0,[221.21805],170.5,[169.53462]
171.9,[172.51073],168.5,[172.45699]
148.8,[154.04033],99.7,[152.42973]
164.1,[164.42262],179.9,[184.86118]
211.5,[201.52278],188.8,[183.5772]
172.1,[158.12369],168.6,[165.18504]
166.8,[163.91779],188.4,[192.37029]
184.1,[181.13316],169.2,[170.05003]
158.0,[155.23213],140.0,[147.50565]
217.8,[213.71837],163.9,[158.84303]
167.8,[161.8275],187.4,[183.55385]
159.5,[168.0791],192.1,[180.97147]
163.0,[157.10556],192.2,[186.51434]
156.3,[150.54434],177.4,[178.87627]
162.7,[163.12242],173.3,[174.60559]
188.0,[177.9146],203.5,[198.01604]
198.1,[194.14224],159.7,[184.13979]
171.4,[168.63309],173.7,[173.19313]
196.9,[193.93292],171.8,[165.28847]
181.5,[179.87831],193.7,[190.67714]
208.4,[206.47807],164.0,[157.93935]
169.4,[167.58478],170.4,[168.83788]
204.3,[209.76547],169.2,[171.22812]
162.3,[156.85124],216.5,[216.67027]
200.9,[200.86543],176.9,[167.59097]
193.5,[186.08504],166.7,[173.20746]
146.6,[148.0163],171.5,[174.74384]
169.8,[167.49867],172.1,[170.00812]
171.4,[175.52051],212.8,[219.6873]
183.6,[175.28877],197.8,[195.64459]
167.6,[160.58922],177.8,[176.83035]
216.9,[211.02829],202.2,[192.46765]
184.5,[177.18735],183.4,[176.78706]
177.4,[173.7592],224.5,[222.83214]
177.1,[173.57797],182.4,[176.34062]
164.4,[163.3143],151.5,[154.86128]
166.6,[165.74878],176.6,[170.17508]
184.9,[189.61113],204.8,[207.83705]
178.2,[176.92229],211.5,[215.72221]
160.6,[162.13103],203.8,[203.02734]
174.7,[179.02321],177.6,[180.37817]
220.0,[198.31033],194.8,[191.95831]
179.6,[178.6058],176.5,[171.00122]
217.7,[211.65057],205.0,[208.03311]
205.5,[207.31241],175.0,[173.56998]
195.5,[198.31442],181.6,[183.554]
172.3,[168.12807],194.6,[187.68636]
169.5,[168.10457],216.5,[207.10823]
200.0,[201.77744],176.6,[173.92381]
197.6,[186.99146],205.5,[212.26309]
208.9,[209.35062],175.1,[183.77657]
187.2,[188.17516],158.6,[158.71922]
176.7,[168.63643],196.9,[198.25694]
190.4,[189.01091],188.1,[185.53621]
206.4,[200.81194],185.1,[181.6754]
162.2,[165.65901],188.3,[183.56665]
195.7,[200.96228],178.6,[176.347]
166.1,[159.29474],179.0,[184.32683]
161.9,[167.5662],171.8,[169.15309]
181.8,[169.60507],183.5,[178.20517]
218.2,[215.10742],185.3,[183.17267]
159.4,[160.78024],216.2,[212.81259]
178.8,[175.55551],167.8,[174.97462]
164.8,[167.71321],210.2,[207.88533]
204.5,[200.95665],186.5,[189.14026]
170.1,[169.1205],209.6,[213.75685]
186.9,[182.8747],175.5,[167.81068]
158.8,[160.28503],189.4,[194.2918]
163.6,[166.12225],171.4,[174.94589]
198.5,[203.32288],180.1,[175.2216]
157.0,[151.97359],207.8,[211.65067]
176.5,[179.57164],174.7,[169.91936]
168.8,[165.7012],169.2,[170.35431]
164.3,[164.50357],164.9,[171.31718]
177.5,[179.95682],183.0,[183.9252]
171.9,[166.72963],176.2,[174.97661]
186.0,[188.89409],169.3,[171.51299]
162.6,[164.36528],156.6,[157.60774]
210.6,[210.38765],161.4,[163.78624]
163.7,[168.16586],193.6,[194.20087]
159.2,[157.33112],160.2,[153.59879]
187.1,[178.37881],175.6,[178.94942]
177.8,[177.03452],159.8,[149.9365]
186.0,[179.45009],169.0,[154.89719]
180.9,[186.00647],209.9,[211.35948]
191.2,[183.55235],191.7,[195.97331]
166.3,[164.9191],192.1,[203.73097]
185.7,[187.36981],182.9,[185.44458]
192.0,[202.65718],190.6,[191.82765]
192.4,[204.18466],170.6,[170.33592]
191.8,[191.6437],157.1,[156.80846]
212.2,[215.50569],162.9,[162.40099]
153.5,[153.11307],207.2,[203.84846]
159.7,[164.16927],164.7,[173.52986]
162.5,[168.3911],159.2,[156.88222]
151.9,[158.43007],165.1,[166.7598]
163.3,[159.76382],168.4,[171.40671]
194.7,[189.18414],183.0,[183.01355]
159.3,[156.17564],186.3,[183.95638]
170.6,[166.59953],222.4,[217.29015]
181.9,[174.69064],170.6,[169.50848]
161.1,[162.62914],156.0,[162.28773]
148.5,[165.6539],195.22,[200.36652]
197.6,[202.00089],161.6,[162.43974]
186.7,[178.30798],181.8,[174.76999]
209.7,[202.74219],184.4,[176.09721]
161.5,[171.17236],172.2,[171.43327]
208.0,[203.65382],186.2,[176.02048]
198.2,[197.05833],167.9,[161.50267]
174.8,[175.63132],164.3,[168.79628]
158.0,[155.11086],167.5,[161.2206]
162.6,[155.31837],193.9,[217.07837]
176.0,[177.96361],205.9,[211.03601]
196.0,[188.21758],227.2,[225.19403]
166.7,[176.31998],157.6,[152.19176]
177.6,[174.47205],193.6,[186.49637]
129.7,[154.13713],200.9,[207.46819]
165.0,[166.22105],154.5,[168.49503]
172.6,[164.39922],141.0,[153.40279]
164.5,[163.86674],192.0,[178.65259]
168.8,[163.65678],169.0,[170.60585]
181.9,[177.7881],176.7,[170.68652]
159.1,[159.44121],167.4,[155.54506]
184.6,[185.76991],168.5,[168.59924]
210.3,[210.27046],179.3,[181.69933]
167.5,[171.23448],192.5,[185.85222]
183.5,[181.42763],170.4,[167.77736]
162.6,[160.2095],186.2,[181.46979]
187.6,[180.03345],168.3,[164.24251]
170.8,[166.38452],182.0,[183.88062]
167.6,[159.5912],204.7,[214.36082]
167.6,[162.43855],158.0,[153.5317]
215.0,[213.40045],158.5,[160.51308]
172.4,[169.62827],172.0,[177.27385]
161.9,[168.12569],162.3,[150.21254]
187.3,[187.87857],155.0,[152.59508]
191.7,[193.43332],193.8,[204.4733]
174.8,[173.68817],216.3,[212.20511]
151.7,[149.8322],165.2,[169.70265]
215.4,[210.80153],227.0,[216.33397]
164.1,[172.66959],147.0,[160.44006]
174.6,[178.4055],193.0,[190.93947]
186.9,[180.94722],171.4,[164.95195]
212.0,[196.88443],164.7,[163.52861]
209.7,[206.11633],179.9,[178.42282]
165.8,[167.65886],172.2,[172.67284]
206.0,[209.63115],206.2,[203.22691]
188.3,[189.95476],128.1,[102.42923]
192.8,[187.97101],163.1,[163.99019]
173.8,[177.40224],183.9,[178.10632]
168.8,[162.90591],154.1,[162.01163]
199.9,[209.55954],204.6,[201.32764]
205.3,[207.86996],205.0,[180.62097]
155.0,[156.32283],167.1,[165.75708]
189.5,[182.79791],156.9,[156.64258]
167.5,[166.84262],158.7,[153.507]
198.32,[171.66075],175.4,[177.2993]
194.3,[195.23804],156.1,[162.17986]
214.5,[217.31798],167.2,[168.08289]
169.3,[161.58635],156.1,[165.46855]
175.0,[179.39879],249.38,[218.1141]
175.9,[168.12187],172.0,[178.80301]
220.8,[220.68892],172.4,[172.56494]
177.9,[181.64374],168.8,[162.6617]
210.4,[213.02856],169.3,[169.06801]
159.5,[157.61398],213.5,[209.80264]
164.3,[170.20222],191.4,[183.45721]
181.1,[180.49571],204.0,[206.53493]
181.6,[188.36919],183.2,[181.87692]
175.8,[181.78574],161.6,[163.73608]
155.2,[151.59079],185.8,[184.7091]
206.9,[207.21631],179.0,[170.758]
184.2,[179.20804],148.6,[110.90658]
238.9,[222.03569],197.0,[195.57785]
200.5,[202.67776],174.0,[163.2203]
187.1,[193.93771],194.2,[197.7516]
185.3,[186.77121],153.6,[158.64879]
202.4,[212.91808],183.1,[189.90373]
163.9,[170.49152],169.7,[166.58926]
175.3,[177.82848],166.1,[169.35513]
162.3,[161.85277],198.3,[194.08768]
161.2,[168.42703],158.9,[161.7157]
159.4,[162.39468],184.3,[182.78848]
195.2,[181.84836],208.8,[204.87183]
213.7,[212.72575],168.8,[160.41458]
182.4,[180.40593],190.0,[194.80296]
158.1,[170.44582],161.2,[166.14041]
200.1,[195.98515],183.0,[185.35013]
148.0,[151.75728],181.4,[173.62717]
169.4,[168.03737],160.2,[166.62479]
181.7,[185.79051],181.1,[185.91812]
187.0,[176.89218],187.6,[185.74236]
205.1,[206.00996],177.2,[178.7908]
163.6,[165.164],188.2,[186.0335]
185.3,[191.71016],170.9,[173.3659]
183.7,[184.9657],168.9,[166.51811]
186.2,[188.17506],166.1,[157.48146]
159.2,[150.51932],171.9,[169.09677]
184.6,[173.61092],203.1,[203.59871]
169.9,[171.32994],160.9,[160.79541]
181.5,[182.43488],198.6,[195.47362]
175.7,[178.09709],177.5,[176.80826]
187.1,[190.04507],171.0,[175.1696]
200.0,[187.64967],171.3,[164.30655]
199.9,[195.70784],180.4,[185.18039]
197.6,[190.22517],175.4,[174.80946]
161.8,[164.798],185.0,[189.12163]
157.8,[166.17427],156.5,[155.2204]
158.7,[158.05211],222.8,[215.93564]
149.0,[162.28949],205.1,[204.28876]
166.4,[172.31001],238.0,[225.40883]
155.5,[150.52788],165.6,[168.36469]
152.4,[160.20647],159.4,[161.51405]
181.1,[177.8725],194.0,[194.87323]
165.7,[163.79395],186.6,[188.55136]
159.0,[159.44518],190.7,[188.30215]
182.4,[186.0768],194.6,[193.4196]
196.1,[193.32794],192.3,[188.36322]
169.6,[172.47546],168.6,[167.27611]
171.4,[179.58029],155.0,[154.14046]
170.6,[166.79117],181.8,[185.3541]
153.5,[157.32942],177.5,[180.8613]
185.6,[184.29005],177.4,[173.36713]
163.7,[169.45233],154.8,[161.97488]
177.1,[179.32108],181.0,[179.5449]
179.6,[173.77637],207.8,[205.0919]
199.6,[199.12845],177.4,[178.14702]
154.8,[154.09084],183.1,[179.62326]
162.7,[165.83072],219.1,[221.4746]
169.7,[163.0154],162.1,[166.42236]
166.3,[178.0129],160.6,[159.28178]
172.9,[176.61848],169.3,[172.77893]
183.8,[185.67403],150.3,[163.54575]
188.0,[178.69524],214.9,[207.94926]
198.6,[205.15424],171.0,[164.23009]
162.9,[158.98677],202.4,[206.11156]
185.0,[177.5957],175.8,[175.57834]
159.0,[159.40735],165.6,[157.20389]
210.3,[207.77542],159.5,[160.66295]
191.0,[190.8933],173.5,[170.69688]
201.1,[198.65498],206.0,[203.88957]
173.5,[180.99014],182.6,[183.39993]
191.6,[198.74606],155.5,[153.759]
175.6,[178.61671],172.0,[168.50728]
175.1,[175.98311],205.3,[206.81061]
177.0,[173.34776],167.1,[165.95914]
170.8,[178.64087],167.1,[156.5876]
205.7,[206.4292],155.1,[154.36632]
155.6,[148.30034],162.8,[165.9436]
161.1,[152.7058],166.1,[172.42957]
172.0,[173.15776],145.1,[167.17366]
215.0,[213.21175],,
128.5,[134.8005],,
163.0,[163.98363],,
202.4,[209.1734],,
160.2,[161.92574],,
162.6,[152.4548],,
179.0,[174.07727],,
192.0,[181.9215],,
181.5,[182.00902],,
160.5,[157.75903],,
192.4,[188.11761],,
192.8,[195.26149],,
160.0,[149.27608],,
185.5,[179.37616],,
195.4,[194.26361],,
155.5,[161.8033],,
182.1,[177.92653],,
159.5,[166.33557],,
176.6,[175.75198],,
195.7,[192.71211],,
169.6,[172.54736],,
198.5,[195.09418],,
145.9,[160.9462],,
213.2,[216.90732],,
98.80000000000001,[117.50621],,
185.3,[182.93074],,
190.1,[184.7659],,
173.7,[170.09915],,
177.3,[185.28406],,
165.5,[173.5056],,
211.3,[208.39133],,
175.5,[167.60104],,
166.8,[176.83324],,
181.8,[184.3241],,
185.6,[181.49683],,
194.0,[188.21758],,
144.6,[153.8912],,
222.0,[219.54636],,
179.8,[170.0054],,
174.5,[177.07722],,
183.2,[180.37257],,
170.1,[174.84175],,
181.2,[172.58253],,
194.9,[200.33049],,
186.8,[186.98705],,
160.9,[154.82457],,
153.3,[157.45808],,
199.9,[195.36736],,
177.6,[173.97618],,
184.0,[190.07913],,
167.8,[167.78091],,
184.0,[173.25024],,
171.6,[170.5741],,
163.6,[168.73622],,
168.8,[169.62755],,
166.3,[167.65065],,
177.8,[181.45085],,
167.4,[161.94302],,
184.3,[192.83324],,
155.1,[152.75531],,
147.7,[148.39394],,
159.4,[170.03761],,
230.0,[221.21805],,
170.9,[170.13547],,
169.1,[169.01682],,
193.6,[195.43797],,
176.3,[174.08707],,
170.9,[170.41362],,
164.6,[175.65862],,
167.2,[166.44078],,
165.7,[174.06685],,
189.9,[187.93385],,
153.7,[153.67213],,
158.0,[155.6739],,
181.0,[176.7156],,
165.8,[164.95663],,
206.0,[193.18098],,
172.0,[183.35529],,
158.2,[164.71109],,
190.3,[194.46034],,
167.4,[167.34822],,
203.6,[204.37021],,
184.2,[178.13478],,
149.3,[160.84787],,
211.3,[211.64679],,
213.5,[218.02423],,
192.5,[188.31906],,
168.1,[167.9371],,
166.8,[167.09439],,
132.0,[113.104294],,
176.7,[180.43242],,
207.8,[208.17659],,
171.6,[164.91675],,
165.9,[168.42172],,
166.4,[169.01863],,
161.9,[155.32599],,
151.9,[150.81264],,
186.0,[192.83565],,
179.5,[179.99144],,
200.5,[200.47542],,
165.4,[164.67932],,
191.9,[190.84723],,
204.7,[210.9301],,
213.0,[210.9516],,
173.5,[162.97346],,
156.5,[161.50548],,
189.3,[183.16899],,
175.0,[172.97643],,
158.2,[157.70007],,
152.7,[152.2669],,
189.1,[183.89934],,
154.9,[166.01909],,
168.8,[166.39574],,
175.9,[180.2331],,
211.0,[193.08055],,
209.1,[206.02997],,
172.7,[171.85196],,
161.6,[162.7777],,
182.1,[177.39919],,
191.0,[193.65009],,
166.0,[167.34258],,
215.1,[212.84976],,
174.4,[173.89993],,
180.4,[171.18121],,
170.9,[172.5539],,
186.1,[188.08513],,
176.4,[167.01857],,
193.9,[200.65372],,
218.2,[220.5542],,
170.7,[175.85759],,
154.7,[168.87999],,
161.5,[156.32971],,
182.2,[180.94284],,
177.1,[175.13506],,
126.0,[123.70389],,
183.5,[182.58849],,
200.2,[197.7683],,
165.8,[159.62941],,
178.3,[169.21272],,
185.4,[182.77287],,
191.7,[189.6875],,
194.4,[199.4564],,
162.9,[169.76172],,
192.4,[198.68582],,
169.8,[167.65327],,
182.0,[176.78946],,
167.7,[165.58769],,
211.7,[202.33173],,
167.5,[161.50641],,
215.3,[203.48695],,
195.0,[201.04492],,
188.8,[184.47543],,
197.6,[197.13159],,
179.8,[186.9476],,
178.1,[172.64343],,
153.3,[152.56227],,
177.3,[175.17198],,
167.0,[161.68027],,
184.0,[172.38063],,
220.5,[221.21805],,
167.5,[155.52824],,
190.0,[194.04706],,
153.5,[165.1545],,
202.0,[204.53996],,
156.5,[168.05054],,
168.4,[165.8049],,
180.8,[174.80339],,
153.2,[154.18857],,
201.5,[199.42494],,
156.7,[154.16916],,
169.0,[164.14043],,
211.2,[210.72897],,
177.9,[178.1353],,
42.0,[96.47312],,
203.1,[209.33574],,
159.9,[155.24265],,
198.4,[204.15446],,
154.6,[154.28856],,
175.6,[179.16795],,
212.9,[211.9421],,
179.0,[173.99617],,
207.7,[211.26443],,
163.0,[160.70549],,
186.5,[174.97725],,
175.2,[171.34712],,
212.8,[208.6698],,
169.4,[167.91164],,
149.2,[159.53906],,
212.7,[203.71404],,
168.0,[161.26236],,
217.5,[214.28163],,
200.7,[194.24995],,
204.2,[205.56642],,
222.4,[218.4246],,
159.7,[158.89558],,
168.2,[171.34625],,
200.5,[196.98726],,
177.2,[176.97734],,
159.0,[172.57193],,
181.6,[172.66864],,
180.0,[171.24998],,
155.7,[152.07329],,
160.6,[164.46956],,
198.4,[194.42418],,
180.4,[178.29233],,
178.2,[176.74359],,
166.2,[173.69946],,
192.1,[188.4685],,
163.2,[156.8159],,
183.2,[188.36911],,
187.3,[182.36351],,
176.1,[174.87303],,
189.2,[196.80972],,
165.3,[161.39522],,
184.3,[177.05902],,
155.2,[166.04407],,
167.9,[166.3951],,
189.0,[186.05766],,
200.4,[199.27023],,
199.4,[210.43376],,
148.0,[154.0147],,
195.6,[180.98877],,
170.7,[169.42476],,
186.7,[195.41933],,
183.8,[180.46875],,
174.0,[171.48923],,
183.2,[188.66734],,
166.8,[158.10588],,
214.0,[212.58472],,
169.9,[168.85898],,
174.2,[166.06032],,
184.7,[181.48862],,
187.6,[187.57555],,
188.7,[189.17378],,
188.9,[182.86002],,
204.1,[204.77435],,
195.4,[193.897],,
167.6,[168.898],,
177.4,[180.24397],,
206.1,[201.53561],,
154.6,[153.9587],,
157.9,[166.64859],,
156.5,[155.74709],,
167.8,[160.65886],,
187.6,[184.8186],,
176.8,[178.01538],,
196.7,[191.06189],,
225.0,[208.11433],,
178.2,[179.89178],,
184.5,[184.13837],,
163.4,[164.39847],,
203.0,[202.70058],,
182.2,[175.7707],,
157.2,[155.88788],,
198.2,[194.282],,
207.7,[211.58165],,
180.6,[180.15451],,
182.6,[178.60376],,
178.2,[173.85565],,
173.7,[171.64566],,
193.4,[191.10327],,
163.8,[159.58186],,
173.2,[172.51991],,
179.3,[177.1591],,
183.0,[184.94821],,
173.0,[170.56775],,
180.6,[175.20691],,
181.3,[179.04216],,
246.6,[227.71292],,
189.1,[172.36462],,
177.8,[181.92697],,
176.0,[175.94531],,
184.2,[180.37997],,
200.3,[211.30896],,
182.5,[177.44328],,
189.6,[184.0866],,
178.5,[182.3646],,
168.9,[173.71872],,
157.6,[154.13713],,
181.6,[181.8851],,
202.9,[203.95898],,
187.0,[182.5436],,
215.0,[211.15208],,
182.0,[182.29277],,
204.4,[203.01042],,
177.1,[170.48204],,
157.5,[158.37857],,
169.8,[162.93105],,
152.3,[166.96019],,
165.6,[156.82373],,
220.1,[215.22192],,
165.0,[168.74081],,
155.7,[160.10431],,
177.2,[175.726],,
218.3,[221.1882],,
166.9,[163.16403],,
160.0,[157.45372],,
156.4,[163.01376],,
174.3,[166.15347],,
192.4,[196.72609],,
197.6,[196.07013],,
191.3,[188.86388],,
170.3,[169.38676],,
161.7,[158.53929],,
188.6,[186.03546],,
172.5,[170.08923],,
175.8,[185.15718],,
198.4,[204.37021],,
185.2,[180.62703],,
186.0,[183.0494],,
168.6,[168.59738],,
174.5,[168.973],,
174.4,[176.73225],,
163.9,[162.7454],,
161.1,[163.70673],,
172.2,[177.48796],,
163.6,[166.72556],,
149.3,[165.11627],,
167.1,[150.61981],,
146.9,[153.03578],,
181.4,[189.41771],,
200.4,[200.7595],,
175.0,[167.69666],,
140.2,[152.35803],,
189.8,[193.38403],,
181.4,[177.43002],,
179.6,[181.86972],,
114.0,[109.092865],,
220.2,[215.82236],,
206.7,[200.76907],,
163.0,[163.72078],,
203.1,[204.29216],,
166.1,[159.67218],,
163.8,[156.59001],,
175.4,[176.04282],,
190.8,[197.81073],,
156.8,[170.07019],,
206.0,[190.61757],,
208.5,[204.74458],,
176.4,[178.37141],,
166.7,[162.15694],,
174.4,[178.81592],,
186.8,[184.72127],,
202.8,[202.71742],,
186.1,[178.2435],,
205.7,[206.7655],,
170.9,[179.53061],,
215.0,[210.66692],,
185.2,[183.30396],,
245.0,[228.88458],,
202.6,[200.75496],,
179.0,[179.80467],,
183.9,[179.29457],,
183.8,[185.29883],,
199.5,[202.27156],,
174.0,[173.91328],,
175.0,[169.07956],,
155.5,[158.165],,
157.1,[162.47833],,
181.9,[181.24586],,
155.5,[162.88835],,
171.5,[173.28725],,
216.7,[211.49377],,
165.2,[177.61876],,
218.1,[213.22542],,
173.1,[168.80835],,
171.2,[173.92639],,
161.7,[157.05019],,
213.9,[214.56541],,
170.0,[181.17511],,
200.0,[186.29071],,
198.0,[199.7708],,
205.5,[207.42052],,
166.8,[162.77586],,
183.1,[177.62448],,
150.1,[148.73975],,
163.7,[165.92969],,
171.9,[177.81638],,
178.3,[176.49864],,
176.7,[176.24988],,
189.3,[184.40086],,
164.3,[170.78091],,
175.0,[172.97643],,
217.2,[212.6392],,
151.2,[162.31435],,
177.2,[174.66142],,
165.1,[159.89832],,
163.9,[165.56625],,
183.4,[176.57137],,
193.1,[190.44403],,
156.9,[164.33977],,
183.8,[189.59285],,
190.1,[187.28322],,
166.5,[161.20135],,
162.9,[161.82924],,
195.8,[194.55194],,
202.0,[201.05818],,
160.2,[160.77408],,
173.7,[174.78691],,
192.7,[193.74197],,
187.2,[192.47449],,
172.8,[181.26892],,
167.5,[159.39186],,
171.1,[168.66139],,
200.0,[187.14055],,
157.0,[166.96077],,
174.9,[171.76367],,
174.0,[164.97601],,
160.9,[163.70886],,
156.4,[153.85132],,
178.1,[172.489],,
170.3,[167.42867],,
202.7,[203.60031],,
144.2,[137.35992],,
199.6,[198.18567],,
157.5,[161.58232],,
207.8,[207.76869],,
195.7,[192.37932],,
192.9,[194.94066],,
169.5,[163.07622],,
154.8,[160.2038],,
192.2,[190.31241],,
173.9,[173.46207],,
159.6,[161.70071],,
180.0,[179.0617],,
205.2,[204.45354],,
218.4,[210.21213],,
186.3,[186.85611],,
200.0,[200.34451],,
167.0,[163.08437],,
172.5,[170.65205],,
192.7,[186.7955],,
192.6,[183.67493],,
163.6,[167.22539],,
198.7,[189.48445],,
208.4,[204.38301],,
187.4,[190.23651],,
175.4,[170.88202],,
166.7,[165.6047],,
184.2,[177.70694],,
224.3,[217.68947],,
152.4,[156.78683],,
195.7,[197.37254],,
194.9,[192.1517],,
162.2,[161.82677],,
162.8,[161.56805],,
173.1,[166.74457],,
190.8,[189.6389],,
179.8,[174.77118],,
177.9,[180.15094],,
190.5,[185.10374],,
164.6,[163.59683],,
166.0,[166.7649],,
180.0,[176.42021],,
167.9,[166.7178],,
155.3,[160.25035],,
155.8,[156.58186],,
167.1,[172.80498],,
170.5,[166.94437],,
223.6,[216.96461],,
178.7,[201.85402],,
184.7,[175.43217],,
214.7,[209.69978],,
211.7,[209.46588],,
170.8,[175.31052],,
179.9,[176.10043],,
191.2,[197.85521],,
182.0,[170.50665],,
184.0,[187.40102],,
167.1,[169.47758],,
157.2,[156.08669],,
217.7,[213.79231],,
185.6,[179.86934],,
181.1,[179.12471],,
216.1,[211.45407],,
198.6,[192.66441],,
179.5,[169.94518],,
194.7,[184.67847],,
189.2,[194.45569],,
223.5,[219.57384],,
176.7,[178.82797],,
198.9,[197.76456],,
178.8,[179.88554],,
158.6,[169.91042],,
176.8,[183.6452],,
175.5,[172.89922],,
185.0,[190.1277],,
181.8,[176.91724],,
227.2,[208.56973],,
207.5,[211.5969],,
172.0,[178.19786],,
168.1,[164.32486],,
199.4,[193.32018],,
168.3,[166.2478],,
174.5,[172.39706],,
188.4,[182.20935],,
187.1,[174.72237],,
184.2,[183.59328],,
200.8,[196.43204],,
172.4,[165.0794],,
222.2,[223.13698],,
172.1,[162.76776],,
160.5,[160.26288],,
191.8,[177.96419],,
162.5,[161.86452],,
171.9,[177.25023],,
175.8,[180.78075],,
214.1,[219.12816],,
166.0,[155.8213],,
159.6,[160.3972],,
188.6,[181.59123],,
157.0,[161.04247],,
179.7,[177.98306],,
190.2,[191.31482],,
171.9,[171.46425],,
152.9,[159.62196],,
178.3,[179.06209],,
191.4,[198.01094],,
162.5,[154.49394],,
166.3,[160.30115],,
170.2,[169.7037],,
180.7,[166.98042],,
169.1,[174.56206],,
201.5,[203.97887],,
186.5,[187.36096],,
172.9,[167.68933],,
190.1,[191.12308],,
218.2,[216.54077],,
167.3,[164.24042],,
214.0,[205.24696],,
159.7,[153.63553],,
212.7,[207.2804],,
162.2,[170.15941],,
180.9,[177.9953],,
194.6,[195.57166],,
163.5,[162.9552],,
184.4,[180.5372],,
176.3,[178.16934],,
180.3,[174.1016],,
166.0,[165.34456],,
174.7,[175.52863],,
176.6,[168.04744],,
174.7,[172.56519],,
159.6,[160.65689],,
176.5,[176.11389],,
208.8,[203.07782],,
190.1,[177.97331],,
183.2,[173.99738],,
217.1,[211.05058],,
167.6,[163.04437],,
198.0,[202.3585],,
156.5,[170.54549],,
172.7,[169.23018],,
188.0,[189.31343],,
215.0,[198.17723],,
183.7,[186.79074],,
160.1,[152.95355],,
166.8,[170.09032],,
184.9,[177.1264],,
157.9,[150.94121],,
205.0,[205.94171],,
184.1,[187.9468],,
184.9,[187.87184],,
166.3,[164.38167],,
167.1,[165.87161],,
164.4,[165.25548],,
188.5,[187.7121],,
235.0,[214.61703],,
214.3,[213.46346],,
169.2,[163.01176],,
169.2,[170.98343],,
182.4,[182.90738],,
186.2,[189.71164],,
160.4,[156.60666],,
158.9,[157.22153],,
169.7,[165.38814],,
146.8,[153.50743],,
149.4,[148.28654],,
202.9,[199.37743],,
181.6,[179.54991],,
167.8,[160.0785],,
183.2,[175.81752],,
157.6,[165.78635],,
197.1,[187.17006],,
170.6,[173.24706],,
189.7,[190.49721],,
214.5,[212.54283],,
209.8,[211.7143],,
230.5,[186.82869],,
212.0,[209.717],,
161.4,[161.1733],,
196.7,[200.21782],,
211.9,[212.25507],,
176.7,[179.0222],,
183.5,[154.96594],,
169.4,[164.65143],,
206.0,[203.66377],,
169.5,[173.11067],,
195.3,[193.5877],,
154.1,[161.40807],,
195.9,[187.77713],,
169.6,[174.15315],,
119.5,[117.50621],,
187.8,[182.23158],,
213.3,[211.77248],,
185.5,[185.99391],,
210.4,[205.04863],,
170.9,[175.67438],,
184.0,[177.01353],,
157.5,[151.13892],,
152.0,[160.9312],,
160.3,[168.59926],,
167.2,[173.72539],,
176.0,[187.55997],,
177.5,[174.48898],,
214.0,[212.79135],,
201.0,[196.93924],,
184.6,[182.93686],,
186.3,[180.32637],,
193.5,[192.68094],,
171.7,[180.32303],,
189.2,[184.29843],,
197.1,[195.5376],,
170.5,[174.25851],,
175.5,[179.03189],,
177.1,[182.05695],,
161.6,[162.61829],,
203.3,[198.1976],,
183.5,[179.13681],,
159.7,[157.13567],,
175.1,[169.39961],,
207.4,[209.52022],,
150.5,[156.62045],,
179.7,[179.75975],,
183.3,[186.88905],,
157.2,[155.99179],,
165.2,[153.80524],,
164.0,[170.18231],,
164.9,[166.776],,
179.4,[179.94235],,
181.1,[169.38187],,
177.3,[171.30493],,
193.6,[194.95451],,
163.9,[161.36082],,
162.6,[165.65955],,
183.5,[179.91066],,
159.6,[152.86195],,
184.4,[178.26567],,
168.6,[166.26184],,
170.9,[172.10231],,
169.9,[166.59915],,
168.4,[174.89853],,
160.6,[160.46378],,
221.2,[212.18135],,
192.5,[180.44936],,
192.6,[192.92677],,
159.8,[162.34541],,
167.3,[170.61588],,
183.2,[178.99577],,
151.8,[151.59898],,
165.6,[157.62224],,
168.0,[162.44754],,
177.9,[184.03677],,
192.3,[188.4188],,
170.6,[171.82748],,
163.0,[165.83344],,
196.0,[202.06451],,
174.9,[182.02803],,
178.6,[170.93977],,
173.1,[171.30615],,
152.1,[158.87804],,
188.5,[192.17763],,
163.4,[163.6611],,
214.0,[214.135],,
176.4,[175.65773],,
161.9,[159.32262],,
178.8,[173.69344],,
165.4,[163.71223],,
186.0,[192.92677],,
183.2,[182.4317],,
194.5,[187.28561],,
202.8,[202.67691],,
182.0,[177.33565],,
136.2,[161.8353],,
200.7,[201.07468],,
201.3,[197.29314],,
204.2,[210.48811],,
159.4,[158.82928],,
142.9,[160.14853],,
172.6,[170.6476],,
195.8,[199.9482],,
150.3,[155.52217],,
173.9,[170.97543],,
227.0,[220.87991],,
155.6,[156.75708],,
170.0,[169.73961],,
155.6,[164.97667],,
164.9,[163.8273],,
160.3,[157.04286],,
203.1,[211.45741],,
189.3,[191.0343],,
142.3,[166.3951],,
155.8,[150.02197],,
174.0,[170.80362],,
186.6,[184.64658],,
171.0,[173.24532],,
191.3,[176.56068],,
203.1,[198.57423],,
174.4,[168.86311],,
206.3,[207.01462],,
169.2,[162.3558],,
187.3,[189.75444],,
199.7,[201.66557],,
159.9,[152.13353],,
164.5,[166.36168],,
163.8,[170.78667],,
200.0,[183.34532],,
176.9,[177.0112],,
160.2,[164.93797],,
152.8,[153.17873],,
204.9,[216.78394],,
196.0,[196.73184],,
157.0,[152.86304],,
150.4,[162.15933],,
159.9,[158.73613],,
173.3,[169.86345],,
182.7,[177.65532],,
168.1,[167.98529],,
164.6,[165.96857],,
160.7,[158.5567],,
160.4,[150.86255],,
213.6,[212.26378],,
175.4,[170.42923],,
216.2,[217.85509],,
165.7,[158.93771],,
192.9,[167.25824],,
156.9,[152.016],,
169.5,[172.10571],,
159.3,[156.68436],,
171.8,[162.78905],,
169.8,[172.03069],,
183.8,[176.92706],,
169.8,[163.5592],,
213.1,[219.01363],,
164.4,[163.13171],,
145.2,[158.92284],,
164.2,[163.65723],,
195.0,[194.55457],,
163.4,[165.1433],,
159.9,[153.86537],,
172.0,[174.98053],,
175.1,[174.44873],,
195.7,[198.87634],,
207.4,[194.50638],,
193.4,[176.50128],,
151.9,[161.18008],,
176.0,[170.75674],,
197.5,[198.76686],,
175.9,[179.09341],,
190.0,[184.00188],,
184.1,[184.28847],,
170.8,[178.35657],,
234.5,[226.76617],,
206.0,[209.63115],,
177.1,[177.30882],,
192.0,[191.17932],,
203.0,[204.08063],,
168.6,[160.59764],,
165.8,[165.5404],,
164.3,[165.00308],,
198.8,[180.64111],,
197.1,[200.07417],,
153.9,[163.61307],,
153.1,[151.87135],,
159.9,[157.35773],,
167.4,[167.25293],,
194.0,[182.87624],,
183.4,[177.66945],,
188.6,[185.2027],,
178.9,[182.89862],,
175.4,[181.1482],,
201.2,[203.22574],,
186.1,[183.93066],,
178.3,[172.77016],,
183.4,[179.41835],,
190.2,[180.04677],,
155.9,[158.09433],,
101.29999999999998,[131.74846],,
161.2,[159.37312],,
169.4,[169.62505],,
227.3,[223.4677],,
185.2,[179.57932],,
162.3,[154.60907],,
158.0,[160.88516],,
157.2,[161.02736],,
176.9,[174.8973],,
182.9,[176.83672],,
174.8,[179.51488],,
168.5,[170.38712],,
176.8,[178.71884],,
184.6,[179.65303],,
174.6,[173.66228],,
168.8,[174.94719],,
166.6,[162.39699],,
186.6,[182.18091],,
184.6,[179.42754],,
192.9,[188.34868],,
202.5,[201.7039],,
163.7,[158.61823],,
216.9,[212.1825],,
180.8,[175.89159],,
204.3,[201.70831],,
201.8,[191.88881],,
205.7,[194.65424],,
179.7,[180.48212],,
183.9,[183.67075],,
162.9,[159.60954],,
217.3,[214.07886],,
158.3,[154.3798],,
168.1,[157.87904],,
173.4,[177.98692],,
162.5,[162.18407],,
167.0,[164.82239],,
182.0,[180.21347],,
172.1,[164.94026],,
188.3,[186.7212],,
165.4,[155.21007],,
161.8,[157.15685],,
162.3,[159.72432],,
180.6,[177.39139],,
166.7,[163.74115],,
173.9,[170.72165],,
179.7,[175.64523],,
165.0,[180.22902],,
180.2,[180.28403],,
181.9,[173.4179],,
164.8,[164.03467],,
186.6,[182.68117],,
163.1,[170.59155],,
203.1,[205.3855],,
165.16,[174.07362],,
172.2,[163.82623],,
167.5,[164.03967],,
160.1,[158.71114],,
160.1,[151.73352],,
171.6,[173.21951],,
179.6,[182.25168],,
227.0,[221.39198],,
191.0,[196.04268],,
155.5,[149.82559],,
153.1,[165.27885],,
161.5,[159.301],,
184.1,[185.90349],,
171.6,[168.15935],,
200.3,[204.62202],,
145.0,[149.23853],,
145.6,[161.86674],,
214.4,[208.33705],,
191.9,[182.60977],,
198.0,[201.16875],,
166.9,[165.74028],,
182.0,[176.20724],,
118.9,[137.35992],,
216.9,[212.864],,
175.8,[175.1138],,
205.1,[210.41917],,
166.1,[173.4384],,
193.3,[197.66965],,
170.5,[163.7409],,
204.7,[200.51308],,
193.3,[184.8216],,
162.5,[156.88295],,
184.4,[180.62248],,
186.8,[188.81375],,
190.2,[193.13133],,
214.4,[216.57494],,
178.1,[180.02513],,
168.4,[169.17699],,
175.4,[174.64119],,
206.2,[209.03331],,
179.7,[174.65031],,
167.6,[171.4991],,
175.0,[167.97041],,
185.9,[184.37468],,
186.7,[177.7127],,
177.2,[171.55415],,
156.7,[155.62714],,
181.6,[179.5824],,
168.4,[159.19711],,
161.4,[164.88048],,
181.7,[178.69121],,
179.5,[187.46188],,
158.3,[151.50952],,
175.0,[171.24596],,
152.2,[159.07358],,
165.6,[166.13474],,
169.7,[155.1765],,
176.7,[176.37497],,
193.4,[185.70947],,
161.3,[152.59647],,
198.4,[197.60704],,
158.7,[165.5842],,
176.5,[174.33325],,
134.5,[165.66664],,
183.3,[179.13023],,
199.8,[196.72577],,
152.4,[164.53622],,
69.99999999999999,[107.86172],,
166.4,[160.009],,
206.2,[210.4826],,
182.1,[184.72694],,
179.8,[181.17307],,
217.7,[221.65547],,
189.2,[189.35982],,
206.9,[205.57516],,
159.8,[159.2643],,
160.7,[159.20871],,
177.0,[179.377],,
192.8,[203.6103],,
160.2,[163.2952],,
169.7,[181.04994],,
172.5,[170.29416],,
176.4,[180.64352],,
216.8,[210.59172],,
171.7,[170.33246],,
205.4,[202.56854],,
192.4,[193.79495],,
187.8,[186.92485],,
185.0,[184.60909],,
177.1,[174.36871],,
167.0,[156.85574],,
201.4,[201.32442],,
174.4,[163.81921],,
147.1,[152.00168],,
182.0,[188.04306],,
168.5,[174.67361],,
160.9,[161.59464],,
172.3,[162.02757],,
172.4,[171.67746],,
187.1,[177.81638],,
197.5,[189.04396],,
179.5,[181.96819],,
169.7,[173.62889],,
176.8,[174.95422],,
185.6,[178.8772],,
183.6,[173.4796],,
185.1,[188.48218],,
182.0,[177.08118],,
178.8,[178.95728],,
150.6,[161.31389],,
201.2,[210.66635],,
181.4,[183.25237],,
185.5,[186.24783],,
153.6,[155.97615],,
191.2,[186.44688],,
165.2,[175.22925],,
189.3,[183.51573],,
185.1,[179.4146],,
156.5,[160.91985],,
176.6,[180.7713],,
169.8,[171.17285],,
199.7,[195.27924],,
197.2,[197.78748],,
168.4,[177.19627],,
211.0,[209.23329],,
159.5,[153.27545],,
195.9,[192.93152],,
168.1,[158.79857],,
168.9,[172.00763],,
175.3,[174.81242],,
151.0,[153.35835],,
161.8,[163.255],,
175.2,[172.64052],,
156.4,[162.25502],,
197.7,[191.88373],,
196.6,[188.24721],,
174.5,[169.94814],,
169.9,[165.01736],,
189.8,[187.83414],,
168.4,[166.0063],,
157.4,[158.82901],,
187.4,[187.4895],,
170.0,[170.30698],,
181.9,[186.41006],,
167.3,[167.58832],,
167.8,[167.05109],,
170.2,[173.1826],,
178.6,[175.27585],,
184.4,[175.7512],,
180.0,[180.1487],,
175.3,[166.86958],,
165.5,[164.94406],,
157.8,[156.40727],,
188.2,[181.6467],,
163.6,[166.33691],,
187.2,[188.85027],,
169.8,[169.92249],,
191.2,[187.22998],,
151.3,[153.91727],,
155.0,[166.84267],,
157.0,[163.325],,
179.2,[182.11632],,
169.7,[164.61917],,
186.5,[185.13786],,
158.1,[150.35635],,
218.2,[210.75204],,
208.5,[216.86331],,
208.9,[202.20796],,
204.9,[203.47089],,
176.7,[178.75893],,
164.9,[166.73198],,
186.0,[181.5017],,
185.3,[181.84785],,
166.2,[173.10893],,
164.8,[160.30286],,
176.7,[172.60529],,
177.4,[176.3143],,
170.6,[163.95319],,
212.4,[208.26378],,
167.0,[159.01685],,
193.0,[182.53076],,
192.8,[202.75136],,
199.3,[202.2526],,
159.5,[156.5229],,
173.3,[165.80606],,
164.9,[154.99284],,
173.0,[171.70079],,
177.8,[174.34409],,
178.9,[173.5199],,
163.0,[152.71413],,
182.0,[174.96622],,
214.4,[204.83891],,
163.0,[156.24214],,
191.3,[194.84862],,
181.6,[188.21666],,
204.6,[202.70758],,
179.4,[176.83429],,
158.4,[166.69026],,
185.2,[180.6071],,
173.3,[171.46312],,
178.7,[182.64917],,
207.4,[198.86574],,
176.0,[171.9703],,
238.0,[225.40883],,
161.1,[161.32562],,
203.9,[201.21925],,
156.1,[162.62613],,
150.5,[154.81204],,
155.9,[168.45674],,
157.8,[153.64517],,
187.2,[188.11981],,
210.2,[208.71678],,
162.6,[161.00792],,
188.4,[191.38556],,
160.0,[161.8876],,
179.4,[172.1543],,
180.0,[171.36876],,
179.4,[177.78459],,
140.0,[163.2291],,
176.7,[180.3272],,
163.2,[156.20847],,
165.0,[177.13109],,
171.6,[168.02882],,
192.1,[191.93976],,
203.6,[204.88637],,
191.9,[191.89671],,
193.4,[191.39236],,
184.7,[181.44296],,
183.4,[175.88466],,
157.2,[171.8906],,
172.1,[175.75903],,
203.3,[204.9796],,
167.0,[165.74146],,
152.8,[161.14365],,
165.9,[161.29707],,
160.2,[152.91342],,
159.6,[162.07368],,
161.4,[171.3363],,
166.3,[153.9333],,
242.4,[228.56305],,
176.6,[174.14073],,
175.4,[171.54285],,
164.7,[169.19797],,
184.8,[189.87424],,
190.9,[182.38457],,
182.9,[178.28076],,
201.5,[194.32092],,
161.8,[165.65944],,
177.8,[174.03003],,
159.5,[158.94421],,
161.5,[169.59407],,
201.2,[201.28185],,
218.0,[212.12573],,
176.6,[179.95802],,
163.5,[169.02716],,
162.4,[158.9855],,
181.4,[179.24353],,
182.6,[175.299],,
174.8,[170.91653],,
184.7,[178.35391],,
168.1,[161.83249],,
162.7,[164.58195],,
172.0,[176.63403],,
178.1,[174.66548],,
203.4,[203.52989],,
175.9,[166.54688],,
179.5,[177.17503],,
154.0,[169.32614],,
195.6,[190.25061],,
157.2,[151.2217],,
167.3,[169.34007],,
169.4,[173.24234],,
188.0,[186.4088],,
213.5,[215.22641],,
179.9,[175.34244],,
165.1,[169.65419],,
156.3,[155.26523],,
181.7,[185.98233],,
157.1,[151.92117],,
166.1,[162.54471],,
168.0,[167.35675],,
204.0,[197.07257],,
164.0,[173.829],,
156.9,[174.922],,
175.8,[172.8039],,
207.1,[208.21132],,
155.8,[157.0171],,
154.2,[156.14737],,
158.9,[158.0539],,
170.1,[164.35437],,
191.9,[192.46107],,
193.6,[198.06313],,
182.4,[181.23422],,
177.1,[169.29698],,
165.1,[172.53694],,
192.4,[191.77385],,
212.8,[216.29146],,
159.0,[164.65717],,
217.7,[208.9584],,
229.7,[225.40883],,
176.2,[174.01492],,
182.9,[188.44264],,
183.3,[173.51329],,
186.9,[182.20602],,
195.0,[183.37181],,
174.2,[167.6855],,
219.8,[221.55916],,
189.6,[184.94688],,
161.3,[158.3011],,
172.5,[167.48128],,
176.0,[185.64258],,
176.4,[169.30176],,
176.9,[169.8275],,
168.3,[175.3821],,
186.7,[184.47792],,
186.0,[186.92099],,
179.6,[174.20352],,
195.5,[194.85277],,
166.2,[168.99681],,
198.4,[196.1687],,
158.3,[164.04979],,
172.5,[167.29745],,
188.1,[189.27893],,
199.1,[192.96986],,
168.8,[164.14941],,
183.1,[177.2108],,
158.1,[151.85512],,
188.7,[183.3544],,
195.7,[199.12042],,
154.0,[157.10034],,
166.8,[161.20543],,
171.4,[180.17204],,
161.4,[170.69064],,
203.1,[204.08719],,
190.9,[185.13564],,
165.7,[168.1146],,
176.5,[173.6012],,
186.7,[185.94472],,
193.1,[184.65167],,
164.1,[166.85509],,
172.8,[164.91519],,
178.0,[178.31384],,
194.2,[193.29686],,
160.0,[162.06706],,
200.3,[202.26794],,
175.4,[168.55899],,
156.9,[174.13306],,
172.8,[168.38795],,
187.0,[176.89218],,
183.3,[183.28549],,
187.3,[179.67331],,
167.0,[157.0391],,
171.0,[159.41437],,
220.0,[202.34053],,
159.4,[154.3695],,
177.5,[183.7097],,
161.1,[165.32404],,
203.8,[199.16716],,
203.1,[209.21544],,
157.2,[158.66418],,
167.0,[163.2947],,
159.2,[158.82253],,
186.0,[189.20119],,
168.1,[174.10384],,
206.8,[205.35239],,
163.1,[164.35977],,
163.3,[160.17365],,
154.9,[155.79979],,
